image_path,index_id
F0978106904_1_1,0
F0978106904_2_dd5b6386-0af5-4cb9-8756-8cbdbfa1bcfa_1,1
F0978106904_3_1,2
F0978106904_2_1,3
F0978106904_5_1,4
F0941106901_2_1,5
F0978106904_4_1,6
F0941106901_5_1,7
F0941106999_1_1,8
F0941106901_4_1,9
F0941106999_2_7fdf501d-fa82-452f-acb6-14ab8d860d8c_1,10
F0941106999_3_1,11
F0941106999_2_1,12
F0941106999_5_1,13
F0941106999_4_1,14
F0957106003_2_d3830873-6c36-4100-969b-c632c00c9121_1,15
F0957106003_3_1,16
F0957106003_4_dcd10113-981f-4b7c-ae77-ad25544186f7_1,17
F0957106003_2_1,18
F0957106003_5_1,19
F0957106901_1_1,20
F0957106003_4_1,21
F0957106901_2_f985cb3c-b852-421c-9c4b-cc875bcb66fd_1,22
F0957106901_3_1,23
F0957106901_2_1,24
F0957106901_5_1,25
F0957106901_4_1,26
F1035106619_1_1,27
F1035106619_4_1f143c8f-4be6-4688-9333-7eefaab32eb6_1,28
F1035106619_2_1,29
F1035106619_3_1,30
F1035106619_4_1,31
F1035106619_6_1,32
F1035106619_5_1,33
F1035106113_11_1,34
F1035106113_13_1,35
F1035106113_12_1,36
F1121106128_3_1,37
F1121106128_5_1,38
F1121106128_4_1,39
F1121106904_1_d2201f27-4f53-40a9-a34b-591cc6de0383_1,40
F1121106904_2_3ec5956c-d3f4-4b90-9a84-49fbc41022bb_1,41
F1121106904_3_6db922ff-1d36-4c1e-a1f4-c1709cc556c5_1,42
F1121106904_1_1,43
F1121106904_3_1,44
F1121106904_2_1,45
F1121106904-SHIRT_1,46
F0943106703_1_1,47
F0943106703_4_360eb465-a22e-4743-a435-1f3488b0fdda_1,48
F0943106703_2_1,49
F0943106703_3_1,50
F0943106703_6_1,51
F0943106703_5_1,52
F0943106901_1_1,53
F0943106703_4_1,54
F0943106901_4_1,55
F0943106901_2_1,56
F0943106901_3_1,57
F0943106901_9_1,58
F0943106901_7_1,59
F0943106901_8_1,60
F1132106817_1_1,61
F1132106817_5_1,62
F1132106901_1_1,63
F1132106817_3_1,64
F1132106901_2_1,65
F1132106901_3_bf9f0601-45d3-47ca-8c04-2e726dfb9e88_1,66
F1132106901_3_1,67
F1132106901_5_1,68
F1125106117_3_1,69
F1132106901_4_1,70
F1125106117_8_1,71
F1125106117_6_1,72
F1125106001_2_1,73
F1125106001_6_1,74
F1125106001_4_1,75
F1125106814_1_1,76
F1125106814_2_1,77
F1125106814_3_fbc0bbb4-762d-4b83-9091-b91703a3c1c8_1,78
F1125106814_3_1,79
F1125106814_6_1,80
F1125106814_5_1,81
F1125106901_1_1,82
F1125106901_2_1,83
F1125106901_3_1,84
F1125106901_2_552a3c8d-7bd2-44f0-839a-0ad51d04a78c_1,85
F1125106901_4_1,86
F1128106901_2_1,87
F1125106901_3_2dc4c5c7-37e5-495c-a581-5ffc667dd947_1,88
F1128106901_6_1,89
F1128106901_5_1,90
F1128106003_1_1,91
F1128106003_2_bf035e07-a051-469d-b78a-e6619814e563_1,92
F1128106003_3_1,93
F1128106003_2_1,94
F1128106003_5_1,95
F1128106003_4_1,96
F1128106003-SHIRT_1,97
F1003106705_2_1,98
F1003106705_5_1,99
F1003106705_4_1,100
F1003106901_1_1,101
F1003106901_2_1,102
F1003106901_4_1,103
F1003106901_3_1,104
F1003106901_2_copy_1,105
F1003106901_3_copy2_1,106
F1003106901_3_copy_1,107
F0945106117_1_1,108
F0945106117_4_432e197b-8273-41bf-bcbd-d264c8593cb9_1,109
F0945106117_2_104657ab-6e87-4292-bdb4-4846c9291fc0_1,110
F0945106117_3_1,111
F0945106117_2_1,112
F0945106117_5_1,113
F0945106117_4_1,114
F0945106901_1_1,115
F0945106901_2_4592d1ca-f77d-428a-9d77-7cc0c9e0a768_1,116
F0945106901_3_1,117
F0945106901_2_1,118
F0945106901_5_1,119
F0945106901_4_1,120
F0945106005_1_1,121
F0945106005_2_7ebecc09-1a2e-4a90-975a-6cb6ddc23b09_1,122
F0945106005_3_1,123
F0945106005_2_1,124
F0945106005_5_1,125
F0113125628_2_1,126
F0945106005_4_1,127
F0113125628_5_1,128
F0113125628_3_1,129
F0113125901_1_1,130
F0113125901_4_1,131
F0113125901_2_1,132
F0113125901_3_35da7bdc-4775-4812-a45e-a1025e4fdcae_1,133
F0113125901_3_1,134
F0113125901_6_1,135
F0113125901_5_1,136
F1033106901_2_1,137
F1033106901_5_1,138
F1033106901_4_1,139
F1033106117_2_1,140
F1033106117_4_1,141
F1033106527_2_copy_1,142
F1033106117_3_1,143
F1033106527_3_copy2_1,144
F1032106705_1_1,145
F1033106527_3_copy_1,146
F1032106705_2_74054a5d-3956-44c2-8209-b58507563401_1,147
F1032106705_3_1,148
F1032106705_2_1,149
F1032106705_5_1,150
F1032106901_1_1,151
F1032106705_4_1,152
F1032106901_2_1,153
F1032106901_3_1,154
F1032106901_4_1,155
F1032106901_8_1,156
F1032106901_7_1,157
F1032106112_1_1,158
F1032106112_2_d485f4fc-1374-4377-a4b9-2fb8776e8973_1,159
F1032106112_3_85300a54-389b-4765-ae27-638c61e62f35_1,160
F1032106112_2_492d52b3-c93f-45a9-b00d-907f29759fed_1,161
F1032106112_6_5012625d-2b2e-4755-bbf0-7e33f8fa71c8_1,162
F1036106121_1_1,163
F1032106112_3_dd0e1b07-a0ad-4fdf-9941-13e47c88f85e_1,164
F1036106121_4_1,165
F1036106121_3_34417868-073e-4c4f-8d16-f1c2dc0ecc42_1,166
F1036106121_2_3f1433af-3d01-4f35-9fa0-8c52f14fb1c1_1,167
F1036106121_2_1,168
F1036106121_6_1,169
F1036106901_3_1,170
F1036106121_3_1,171
F1036106901_6_1,172
F1036106901_5_1,173
F1037106002_1_1,174
F1037106002_4_e4fd9771-da63-4cf4-acbb-1cd51ce6c868_1,175
F1037106002_2_1,176
F1037106002_3_b01a4de7-b3a6-475d-aa52-b483a9441a1d_1,177
F1037106002_3_1,178
F1037106002_7_1,179
F1037106002_4_1,180
F1037106220_3_1,181
F1037106220_6_1,182
F1037106220_5_1,183
F1037106618_3_copy_1,184
F1037106618_4_copy2_1,185
F1026106220_2_1,186
F1037106618_4_copy_1,187
F1026106220_5_1,188
F1026106220_4_1,189
F1026106618_3_1,190
F1026106618_6_1,191
F1026106618_5_1,192
F0859106720_2_1,193
F0859106720_5_1,194
F0859106720_4_1,195
F0859106618_1_1,196
F0859106618_3_1,197
F0859106618_2_1,198
F1027106901_1_1,199
F1027106901_4_1,200
F1027106901_2_1,201
F1027106901_3_f968d7a0-ac31-4810-990d-35d766096d68_1,202
F1027106901_3_1,203
F1027106901_6_1,204
F1027106901_5_1,205
F1027106001_1_1,206
F1027106001_4_c492befa-e469-441e-8ce1-db2b9019a456_1,207
F1027106001_2_995a9556-ecb3-4f36-8a1d-05950d11128f_1,208
F1027106001_3_1,209
F1027106001_2_1,210
F1027106001_5_1,211
F1044106901_1_1,212
F1027106001_4_1,213
F1044106901_4_0cb6924a-5c41-4d06-a323-9102ce5ab09c_1,214
F1044106901_2_369070e0-5fef-4e08-a469-ecda369f550a_1,215
F1044106901_3_1,216
F1044106901_2_1,217
F1044106901_5_1,218
F1044106901_4_1,219
F1044106801_1_1,220
F1044106801_2_1,221
F1044106801_3_1,222
F1044106801_4_1,223
F1044106801_6_1,224
F1044106801_5_1,225
F1043106113_2_1,226
F1043106113_5_1,227
F1043106113_4_1,228
F1043106901_3_1,229
F1043106901_4_1,230
F1043106901_5_1,231
F0774103001_1_1,232
F0774103001_4_1,233
F0774103001_2_1,234
F0774103001_3_1,235
F0774103001_3_1_1,236
F0774103001_6_1,237
F0774103001_5_1,238
F0620103602_1_1,239
F0620103602_2_1,240
F0620103602_3_1,241
F0620103602_4_copy_1,242
F0620103602_5_copy2_1,243
F0620103602_5_copy_1,244
F0620103901_1_1,245
F0620103901_2_1,246
F0620103901_3_1,247
F0620103901_6_1,248
F0620103901_9_1,249
F0494103998_1_1,250
F0620103901_7_1,251
F0494103998_2_40dd17f0-288b-4a06-ba06-5030be8fe55a_1,252
F0494103998_3_1,253
F0494103998_2_1,254
F0494103998_6_1,255
F0494103998_4_1,256
F0627103901_1_1,257
F0627103901_4_ff31acc3-ae45-4fa4-8a71-8afd52b6ade6_1,258
F0627103901_2_12cdaac0-9b89-4af1-b772-9f328fd88f12_1,259
F0627103901_3_b57afb37-23b9-4b3a-986b-378f3ee95d11_1,260
F0627103901_2_1,261
F0627103901_4_1,262
F0585103999_1_1,263
F0627103901_3_1,264
F0585103999_4_74cca368-02d7-46e1-be6f-2b2e96f829c6_1,265
F0585103999_2_c884af38-a3bc-4c56-ad2a-603f82421a69_1,266
F0585103999_3_1,267
F0585103999_2_1,268
F0585103999_6_1,269
F0585103999_4_1,270
F0573103120_3_1,271
F0573103120_2_1,272
F0573103120_1_1,273
F0573103901_11_1,274
F0573103901_9_1,275
F0573103001_2_1,276
F0573103901_10_1,277
F0573103001_5_1,278
F0503103999_1_1,279
F0573103001_4_1,280
F0503103999_3_1,281
F0579103619_1_1,282
F0503103999_2_1,283
F0579103619_3_1,284
F0579103619_2_1,285
F0668103002_1,286
F0668103002_5_copy2_1,287
F0668103007_2_1,288
F066810300201_1,289
F0668103007_4_1,290
F0668103007_5_1,291
F0595103999_3_1,292
F0595103999_5_1,293
F0595103999_4_1,294
F0591103002_5_1,295
F0591103002_4_1,296
F0591103002_6_1,297
F0633103128_1_1,298
F0633103128_3_1,299
F0633103128_2_1,300
F0448109903_3_1,301
F0448109903_2_1,302
F0448109903_4_1,303
F0457109622_2_1,304
F0457109622_4_1,305
F0457109622_7_1,306
F0457109622_6_1,307
F0457109630LOWER_1_1,308
F0457109630LOWER_2_1,309
F0457109630LOWER_3_1,310
F0457109630_2_1,311
F0457109630_3_1,312
F0457109630_5_1,313
F0457109630_6_1,314
F0457109630-LOWER_1_1,315
F0441109622LOWER_1_1,316
F0441109622LOWER_4_1,317
F0441109622LOWER_2_1,318
F0441109622LOWER_3_1,319
F0441109622_2_1,320
F0441109622_4_1,321
F0441109622_8_1,322
F0441109622_6_1,323
F0444109630LOWER_1_1,324
F0444109630LOWER_2_1,325
F0444109630LOWER_3_1,326
F0444109630_2_1,327
F0444109630_3_1,328
F0444109630_6_1,329
F0444109630_4_1,330
F0444109630-LOWER_1_1,331
F0444109625_6_copy_1,332
F0444109625_7_copy2_1,333
F0451109622_2_1,334
F0446109625_1_copy_1,335
F0451109622_3_1,336
F0451109622_7_1,337
F0451109622_4_1,338
F0449109630LOWER_1_1,339
F0449109630LOWER_4_1,340
F0449109630LOWER_2_1,341
F0449109630LOWER_3_1,342
F0449109630_2_1,343
F0449109630_4_1,344
F0449109630_8_1,345
F0449109630_7_1,346
F0450109901_3_copy_1,347
F0450109901_4_copy2_1,348
F0450109901_5_copy_1,349
F0446109625LOWER_1_1,350
F0446109625LOWER_2_1,351
F0446109630_2_1,352
F0446109625LOWER_3_1,353
F0446109630_1_1,354
F0447109618_3_1,355
F0446109630_3_1,356
F0447109618_4_1,357
F0447109618_8_1,358
F0447109618_6_1,359
F0447109625LOWER_1_1,360
F0447109625LOWER_2_1,361
F0447109625LOWER_3_1,362
F0447109625_2_1,363
F0447109625_3_1,364
F0447109625_8_1,365
F0447109625_4_1,366
F0447109630_2_1,367
F0447109630_4_1,368
F0447109630_7_1,369
F0447109630_6_1,370
F0353108006LOWER_1_00d0382c-b094-48e0-aa4a-a6cf45b3333f_1,371
F0353108006LOWER_4_4a5f00cc-8424-4a36-a364-ae3545f4c320_1,372
F0353108006LOWER_2_a262b423-d7d2-4f51-95ed-7a7162caa661_1,373
F0353108006LOWER_3_da421753-c1f0-4af5-ad2b-60bc4769e973_1,374
F0353108006_3_1,375
F0353108006_8_1,376
F0353108813LOWER_1_1,377
F0353108006_5_1,378
F0353108813LOWER_2_1,379
F0353108813LOWER_3_1,380
F0353108813_5_1,381
F0353108813_6_1,382
F0353108813_4_1,383
F0353108901LOWER_1_1,384
F0353108901LOWER_2_1,385
F0353108901LOWER_3_1,386
F0353108901_8_1,387
F0353108901_7_1,388
F0353108901_9_1,389
F0422108801_2_copy_1,390
F0422108801_4_copy2_1,391
F0422108801_3_copy_1,392
F0422108901copy2_1_1,393
F0422108901copy2_3_1,394
F0422108901copy2_2_1,395
F0422108901-LOWER_2_1,396
F0422108915_2_copy_1,397
F0422108915_3_copy2_1,398
F0422108915_3_copy_1,399
F0425108801_9_copy_1,400
F0422108915-LOWER_1_1,401
F0425108801_9_011copy2_1,402
F0425108801_7_copy_1,403
F0425108901_901_copy2_1,404
F0425108901_901_acopy3_1,405
F0425108901_79011_copy2_1,406
F0424108117_8_1,407
F0425108901-LOWER_1_1,408
F0424108117_7_1,409
F0424108117_9_1,410
F0424108901_11_1,411
F0424108901_10_1,412
F0424108901_12_1,413
F0391108127LOWER_1_1,414
F0391108127LOWER_4_1,415
F0391108127LOWER_2_1,416
F0391108127LOWER_3_1,417
F0391108127_2_1,418
F0391108127_5_1,419
F0391108127_4_1,420
F0391108619LOWER_1_1,421
F0391108619LOWER_2_1,422
F0391108619LOWER_3_1,423
F0391108619_2_copy_1,424
F0391108619_4_copy2_1,425
F0391108619_3_copy_1,426
F0430108901_3_1,427
F0430108901_5_1,428
F0390108619LOWER_1_1,429
F0430108901_4_1,430
F0390108619LOWER_2_1,431
F0390108619LOWER_3_1,432
F0390108619_2_1,433
F0390108619_5_1,434
F0390108619_4_1,435
F0390108909_3_1,436
F0390108909_4_1,437
F0390108909_6_1,438
F0418108817_3_1,439
F0390108909_5_1,440
F0418108817_2_1,441
F0450108006LOWER_1_1,442
F0418108817_4_1,443
F0450108006LOWER_2_1,444
F0450108006LOWER_3_1,445
F0450108006_3_copy2_1,446
F0450108006_4_copy3_1,447
F0450108006_6_copy2_1,448
F0450108127LOWER_1_1,449
F0450108127LOWER_2_1,450
F0450108127LOWER_3_1,451
F0450108127_3_433c66c2-ecf3-4c02-b7b7-dd2f3592b2f9_1,452
F0450108127_4_8649f0bd-39c0-4705-a79a-7396d2a4fc12_1,453
F0450108127_7_cd0827ab-a942-4ea4-9ae8-3d99277f304e_1,454
F0450108127_6_384db0c7-f09a-4421-a3ce-c3810a0f157f_1,455
F0395108901LOWER_1_1,456
F0395108901LOWER_2_1,457
F0395108901LOWER_3_1,458
F0395108901_1_copy_1,459
F0395108901_2_copy2_1,460
F0395108619LOWER_1_1,461
F0395108901_4_copy_1,462
F0395108619LOWER_3_1,463
F0395108619LOWER_2_1,464
F0395108619_2_1,465
F0395108619_5_1,466
F0395108619_8_1,467
F0385108901_2_1,468
F0395108619_6_1,469
F0385108901_1_1,470
F0385108901_3_1,471
F0388108901_1_1,472
F0388108901_2_1,473
F0388108901_4_1,474
F0388108901_3_1,475
F0113125628_2_2,476
F0113125628_3_2,477
F0113125901_4_2,478
F0113125901_1_2,479
F0113125628_5_2,480
F0113125901_3_2,481
F0113125901_2_2,482
F0113125901_5_2,483
F0113125901_3_35da7bdc-4775-4812-a45e-a1025e4fdcae_2,484
F0113125901_6_2,485
F0114125619_2_1,486
F0114125619_6_1,487
F0114125619_5_1,488
F0114125909_2_1,489
F0114125909_7_1,490
F0114125909_5_1,491
relaxed-polo-sweater-sncmwt0001-melange-grey_1,492
safari-shirt-hummst0012-white_2,493
knitted-polo-mas24tp015-white_2,494
classic-oxford-shirt-maw24tp082-brown_1,495
knit-t-shirt-mas24tp004-beige_1,496
platform-leather-sneakers-shfmws0042-grey_1,497
knit-t-shirt-mas24tp004-black_1,498
round-neck-t-shirt-mas24tp001-light-blue_1,499
basic-polo-mas24tp016-sky-blue_1,500
slip-on-leather-sneakers-shfmws0036-white_1,501
classic-suit-trouser-ltnmwb0001-black_2,502
contrast-leather-sneakers-shfmws0035-black_1,503
high-neck-sweater-hslmst0001-grey_2,504
linen-button-down-shirt-udcmwt0006-camel_2,505
oversized-button-down-shirt-mas24tp023-navy_2,506
premium-linen-turn-up-pants-udcmwb0008-navy_2,507
crossover-leather-slippers-shfmws0027-coffee_1,508
basic-tee-mas24tp013-black_2,509
trouser-with-side-panel-sapmwb0001-navy_1,510
basic-tapered-pants-bslmsb0001-white_1,511
chunky-platform-sandals-mfs24sd002-black_2,512
soft-casual-hoodie-sapmwt0008-olive_1,513
penny-loafers-shfmws0017-burgundy_1,514
classic-oxford-shirt-maw24tp082-maroon_2,515
cargo-pants-hsamwb0002-olive_2,516
lace-up-derby-shoes-shfmws0013-black_1,517
lightweight-suede-loafers-mfs24lf001-olive_2,518
heavy-weight-tee-mas24tp067-ivory_1,519
relaxed-high-neck-sweater-sncmwt0006-melange-beige_2,520
relaxed-polo-sweater-sncmwt0001-black_2,521
quilted-leather-slides-mfs24sl007-black_2,522
cord-pants-udcmwb0002-navy_2,523
leather-joggers-shfmws0030-white_1,524
wide-vamp-slides-mfs24sl013-sand_1,525
easy-chino-pants-hsamwb0005-white_2,526
tencil-blend-polo-mas24tp005-black_2,527
basic-zipper-jacket-lekmwt0005-black_1,528
rugby-polo-shirt-sapmwt0004-heather-grey_2,529
ribbed-knit-trouser-lekmwb0003-camel_2,530
linen-tapered-pants-mas24bt038-navy_1,531
premium-linen-turn-up-pants-udcmwb0008-chocolate_2,532
band-collar-shirt-mas24tp066-italian-clay_2,533
everyday-slides-mfs24sl009-navy_1,534
straight-knitted-pants-lekmwb0005-khaki_2,535
band-collar-shirt-mas24tp022-beige_2,536
high-top-leather-loafers-shfmws0031-dark-navy_1,537
quilted-leather-slides-mfs24sl007-black_1,538
lightweight-suede-loafers-mfs24lf001-olive_1,539
stripe-button-down-shirt-sfimwt0014-black_1,540
band-collar-shirt-mas24tp022-black_2,541
cotton-striped-shirt-mas24tp003-off-white_1,542
classic-suit-trouser-ltnmwb0001-navy_2,543
abstract-printed-shirt-maw24tp084-brown_1,544
leather-boat-shoes-mfs24bs001-taupe_1,545
cargo-pants-hsamwb0002-olive_1,546
cotton-striped-shirt-mas24tp003-black_2,547
basic-button-down-shirt-mas24tp021-white_1,548
double-strap-sandals-mfs24sd001-black_1,549
relaxed-high-neck-sweater-sncmwt0006-melange-beige_1,550
relaxed-polo-sweater-sncmwt0001-black_1,551
wide-vamp-slides-mfs24sl013-sand_2,552
cord-pants-udcmwb0002-navy_1,553
v-neck-tee-mas24tp068-ivory_1,554
textured-leather-sneakers-shfmws0018-white_2,555
multi-colored-leather-sneakers-mfs24sk005-white_2,556
trouser-with-side-panel-sapmwb0001-all-black_2,557
basic-linen-pants-mas24bt029-black_2,558
high-top-leather-loafers-shfmws0044-dark-navy_2,559
pinstripe-pants-bslmsb0004-grey_2,560
poplin-pocket-shirt-hummst0017-black_2,561
lace-up-derby-shoes-shfmws0013-black_2,562
heavy-weight-tee-mas24tp067-ivory_2,563
basic-slim-fit-tee-mas24tp001-white_1,564
classic-chelsea-boots-shfmws0037-olive_2,565
cord-pants-udcmwb0002-dark-brown_1,566
premium-linen-turn-up-pants-udcmwb0008-black_2,567
embroidered-safari-shirt-mas24tp038-off-white_2,568
washed-loose-fit-t-shirt-mas24tp012-charcoal_2,569
everyday-slides-mfs24sl009-navy_2,570
rugby-polo-shirt-sapmwt0004-heather-grey_1,571
band-collar-shirt-mas24tp066-italian-clay_1,572
straight-knitted-pants-lekmwb0005-khaki_1,573
easy-chino-pants-hsamwb0005-white_1,574
textured-leather-sneakers-shfmws0018-white_1,575
basic-linen-pants-mas24bt029-black_1,576
band-collar-shirt-mas24tp022-beige_1,577
multi-colored-leather-sneakers-mfs24sk005-white_1,578
high-top-leather-loafers-shfmws0044-dark-navy_1,579
cotton-striped-shirt-mas24tp003-black_1,580
trouser-with-side-panel-sapmwb0001-all-black_1,581
high-top-leather-loafers-shfmws0031-dark-navy_2,582
basic-button-down-shirt-mas24tp021-white_2,583
double-strap-sandals-mfs24sd001-black_2,584
band-collar-shirt-mas24tp022-black_1,585
poplin-pocket-shirt-hummst0017-black_1,586
pinstripe-pants-bslmsb0004-grey_1,587
v-neck-tee-mas24tp068-ivory_2,588
classic-suit-trouser-ltnmwb0001-navy_1,589
abstract-printed-shirt-maw24tp084-brown_2,590
cotton-striped-shirt-mas24tp003-off-white_2,591
stripe-button-down-shirt-sfimwt0014-black_2,592
leather-boat-shoes-mfs24bs001-taupe_2,593
classic-leather-slip-ons-shfmws0043-black_1,594
wide-vamp-slides-mfs24sl011-navy_2,595
chevron-puffer-shimwj0005-camel_2,596
straight-cotton-pant-mas24bt036-black_2,597
wool-blend-coat-udcmwt0021-charcoal_1,598
high-top-leather-loafers-black_1,599
marble-wash-jogger-pants-oneuwb0001-charcoal_2,600
cargo-trouser-sapmwb0009-olive_1,601
jacquard-turn-up-trouser-mas24bt011-black_2,602
high-crew-sweatshirt-sapmwt0003-olive_2,603
stripped-safari-shirt-mas24tp032-black_2,604
interlock-tee-mas24tp054-ivory_2,605
heavy-weight-tee-maw24tp134-black_2,606
safari-shirt-bslmst0008-tea-pink_2,607
interlock-tee-mas24tp054-maroon_2,608
band-collar-shirt-mas24tp017-beige_1,609
classic-straight-jeans-mas24bt031-mid-blue_1,610
polo-shirt-with-zip-mas24tp006-mustard_2,611
textured-blazer-udcmwt0012-khaki_1,612
basic-polo-mas24tp016-black_1,613
basic-zipper-jacket-lekmwt0005-black_2,614
premium-linen-turn-up-pants-udcmwb0008-chocolate_1,615
leather-joggers-shfmws0030-white_2,616
tencil-blend-polo-mas24tp005-black_1,617
linen-tapered-pants-mas24bt038-navy_2,618
ribbed-knit-trouser-lekmwb0003-camel_1,619
classic-leather-slip-ons-shfmws0043-burgundy_2,620
leather-boat-shoes-mfs24bs002-dark-brown_1,621
classic-oxford-shirt-maw24tp082-black_1,622
all-white-leather-sneakers-mfs24sk006-white_1,623
leather-loafers-shfmws0020-honey_1,624
slip-on-loafers-shfmws0046-honey_1,625
basic-crew-with-pocket-sapmwt0005-black_1,626
basic-polo-mas24tp016-beige_1,627
pleated-jogger-pants-sapmwb0003-midnight-blue_2,628
knit-polo-shirt-mas24tp007-charcoal_1,629
ribbed-knit-sweater-lekmwt0003-camel_1,630
relaxed-mock-neck-sweater-charcoal_1,631
heavy-weight-tee-mas24tp067-navy_1,632
cargo-pants-mas24bt008-navy_1,633
platform-leather-sneakers-shfmws0042-black_2,634
pique-polo-shirt-mas24tp010-beige_2,635
ribbed-knit-trouser-lekmwb0003-black_1,636
adjustable-pants-mas24bt250-white_2,637
polo-shirt-with-zip-mas24tp006-black_1,638
muslin-safari-shirt-mas24tp046-skin_2,639
low-top-sneakers-shfmss0012-grey_1,640
band-collar-shirt-mas24tp017-beige_2,641
basic-polo-mas24tp016-black_2,642
interlock-tee-mas24tp054-maroon_1,643
polo-shirt-with-zip-mas24tp006-mustard_1,644
textured-blazer-udcmwt0012-khaki_2,645
classic-straight-jeans-mas24bt031-mid-blue_2,646
low-top-sneakers-shfmss0012-grey_2,647
pique-polo-shirt-mas24tp010-beige_1,648
polo-shirt-with-zip-mas24tp006-black_2,649
adjustable-pants-mas24bt250-white_1,650
wide-vamp-slides-mfs24sl011-navy_1,651
muslin-safari-shirt-mas24tp046-skin_1,652
ribbed-knit-trouser-lekmwb0003-black_2,653
marble-wash-jogger-pants-oneuwb0001-charcoal_1,654
high-top-leather-loafers-black_2,655
high-crew-sweatshirt-sapmwt0003-olive_1,656
jacquard-turn-up-trouser-mas24bt011-black_1,657
classic-leather-slip-ons-shfmws0043-black_2,658
classic-leather-slip-ons-shfmws0043-burgundy_1,659
interlock-tee-mas24tp054-ivory_1,660
cargo-pants-mas24bt008-navy_2,661
platform-leather-sneakers-shfmws0042-black_1,662
straight-cotton-pant-mas24bt036-black_1,663
wool-blend-coat-udcmwt0021-charcoal_2,664
chevron-puffer-shimwj0005-camel_1,665
cargo-trouser-sapmwb0009-olive_2,666
heavy-weight-tee-maw24tp134-black_1,667
safari-shirt-bslmst0008-tea-pink_1,668
stripped-safari-shirt-mas24tp032-black_1,669
trouser-with-side-panel-sapmwb0001-khaki_1,670
pleated-jogger-pants-sapmwb0003-black_1,671
leather-boat-shoes-mfs24bs002-dark-brown_2,672
double-strap-sandals-mfs24sd001-brown_2,673
basic-polo-mas24tp016-beige_2,674
pleated-jogger-pants-sapmwb0003-midnight-blue_1,675
knit-polo-shirt-mas24tp007-charcoal_2,676
classic-oxford-shirt-maw24tp082-black_2,677
all-white-leather-sneakers-mfs24sk006-white_2,678
basic-crew-with-pocket-sapmwt0005-black_2,679
relaxed-mock-neck-sweater-charcoal_2,680
leather-loafers-shfmws0020-honey_2,681
ribbed-knit-sweater-lekmwt0003-camel_2,682
contrast-leather-boat-shoes-mfs24bs004-navy-espresso_2,683
neoprene-polo-mas24tp055-black_1,684
bow-leather-loafers-shfmws0033-sand_1,685
lace-up-derby-shoes-shfmws0013-brown_1,686
adjustable-pants-udcmwb0019-white_1,687
slip-on-loafers-shfmws0046-honey_2,688
knitted-polo-mas24tp015-dark-olive_2,689
heavy-weight-tee-mas24tp067-navy_2,690
basic-crew-with-pocket-sapmwt0005-midnight-blue_1,691
quilted-leather-slides-mfs24sl007-brown_2,692
relaxed-mock-neck-sweater-sncmwt0007-heather-grey_1,693
interlock-tee-mas24tp054-black_1,694
flora-printed-safari-maw24tp088-black_1,695
round-neck-t-shirt-amkmwt0036-heather-grey_1,696
heavy-weight-tee-mas24tp053-white_2,697
tumbled-leather-boat-shoes-mfs24bs005-olive-brown_2,698
knitted-polo-mas24tp015-burgundy_2,699
linen-tapered-pants-mas24bt038-taupe_1,700
ribbed-henley-udcmwt0003-black_1,701
soft-casual-hoodie-sapmwt0008-midnight-blue_2,702
everyday-raglan-sweatshirt-sapmwt0007-oatmeal_1,703
band-collar-shirt-maw24tp083-white_1,704
classic-leather-brogues-shfmws0015-black_2,705
soft-leather-slides-mfs24sl012-tan_1,706
tencil-blend-polo-mas24tp005-brown_1,707
trouser-with-side-panel-sapmwb0001-black_2,708
high-top-leather-loafers-shfmws0031-olive_2,709
monochromatic-safari-shirt-mas24tp033-blue_1,710
chunky-leather-boot-shfmws0038-black_2,711
textured-safari-shirt-mas24tp044-navy_1,712
classic-leather-loafers-shfmws0040-black_2,713
slip-on-loafers-shfmss0010-coffee_2,714
double-monk-leather-shoes-shfmws0016-dark-brown_1,715
the-jogger-shfmss0001-black_1,716
leather-slippers-shfmws0026-dark-navy_2,717
textured-pants-udcmwb0012-black_2,718
textured-polo-ysgmwt0002-black_1,719
double-monk-leather-shoes-shfmws0016-dark-brown_2,720
lace-up-derby-shoes-shfmws0013-brown_2,721
classic-leather-loafers-shfmws0040-black_1,722
everyday-raglan-sweatshirt-sapmwt0007-oatmeal_2,723
knitted-polo-mas24tp015-dark-olive_1,724
bow-leather-loafers-shfmws0033-sand_2,725
slip-on-loafers-shfmss0010-coffee_1,726
double-strap-sandals-mfs24sd001-brown_1,727
linen-tapered-pants-mas24bt038-taupe_2,728
adjustable-pants-udcmwb0019-white_2,729
quilted-leather-slides-mfs24sl007-brown_1,730
trouser-with-side-panel-sapmwb0001-khaki_2,731
contrast-leather-boat-shoes-mfs24bs004-navy-espresso_1,732
pleated-jogger-pants-sapmwb0003-black_2,733
relaxed-mock-neck-sweater-sncmwt0007-heather-grey_2,734
knitted-polo-mas24tp015-burgundy_1,735
interlock-tee-mas24tp054-black_2,736
round-neck-t-shirt-amkmwt0036-heather-grey_2,737
flora-printed-safari-maw24tp088-black_2,738
neoprene-polo-mas24tp055-black_2,739
jacquard-tee-mas24tp011-white_2,740
band-collar-shirt-mas24tp022-navy_2,741
ribbed-knit-sweater-lekmwt0003-navy_1,742
premium-linen-blazer-udcmwt0009-white_2,743
textured-leather-sneakers-shfmws0018-black_1,744
cargo-trouser-sapmwb0009-black_1,745
heavy-weight-tee-mas24tp053-white_1,746
trouser-with-side-panel-sapmwb0001-black_1,747
tencil-blend-polo-mas24tp005-brown_2,748
classic-leather-brogues-shfmws0015-black_1,749
soft-leather-slides-mfs24sl012-tan_2,750
round-neck-t-shirt-mas24tp001-beige_1,751
contrast-leather-boat-shoes-mfs24bs006-navy-tan_1,752
classic-leather-slip-ons-shfmws0043-olive_1,753
tumbled-leather-boat-shoes-mfs24bs005-olive-brown_1,754
soft-casual-hoodie-sapmwt0008-midnight-blue_1,755
leather-slippers-shfmws0026-dark-navy_1,756
textured-safari-shirt-mas24tp044-navy_2,757
chunky-leather-boot-shfmws0038-black_1,758
jacquard-tee-mas24tp011-white_1,759
the-jogger-shfmss0001-black_2,760
high-top-leather-loafers-shfmws0031-olive_1,761
textured-pants-udcmwb0012-black_1,762
monochromatic-safari-shirt-mas24tp033-blue_2,763
basic-crew-with-pocket-sapmwt0005-midnight-blue_2,764
penny-loafers-mfs24lf002-tan_1,765
textured-polo-ysgmwt0001-black_2,766
textured-polo-ysgmwt0002-black_2,767
ribbed-henley-udcmwt0003-black_2,768
band-collar-shirt-maw24tp083-white_2,769
round-neck-t-shirt-mas24tp001-beige_2,770
classic-leather-slip-ons-shfmws0043-olive_2,771
leather-slippers-shfmws0024-dark-brown_1,772
basic-tee-mas24tp013-light-blue_1,773
classic-suit-trouser-ltnmwb0001-gray_2,774
tumbled-leather-boat-shoes-mfs24bs005-navy_2,775
adjustable-pants-udcmwb0019-brown_1,776
tailored-fit-blazer-ltnmwt0001-grey_1,777
round-neck-t-shirt-mas24tp001-navy_2,778
classic-leather-moccasins-shfmws0023-honey_2,779
high-top-leather-loafers-shfmws0031-navy_1,780
leather-slippers-shfmws0024-black_1,781
leather-slippers-shfmws0025-caramel_1,782
classic-leather-moccasins-shfmws0023-taupe_1,783
round-neck-t-shirt-mas24tp001-black_1,784
knitted-polo-mas24tp015-sky-blue_2,785
leather-joggers-shfmws0030-black_2,786
soft-leather-slides-mfs24sl006-navy_2,787
oversized-button-down-shirt-mas24tp023-camel_1,788
high-neck-sweater-hslmst0001-black_1,789
band-collar-shirt-mas24tp022-white_1,790
contrast-leather-boat-shoes-mfs24bs004-tan-blue_2,791
poplin-pocket-shirt-hummst0017-white_1,792
knitted-polo-mas24tp015-ivory_1,793
relaxed-polo-sweater-sncmwt0001-cream_1,794
overshirt-with-pockets-hsamwt0010-black_2,795
tencil-blend-polo-mas24tp005-white_1,796
striped-polo-shirt-mas24tp008-navy_2,797
classic-leather-moccasins-shfmws0023-taupe_2,798
leather-slippers-shfmws0025-caramel_2,799
striped-polo-shirt-mas24tp008-navy_1,800
cargo-trouser-sapmwb0009-black_2,801
oversized-button-down-shirt-mas24tp023-camel_2,802
textured-leather-sneakers-shfmws0018-black_2,803
premium-linen-blazer-udcmwt0009-white_1,804
knitted-polo-mas24tp015-sky-blue_1,805
knitted-polo-mas24tp015-ivory_2,806
ribbed-knit-sweater-lekmwt0003-navy_2,807
penny-loafers-mfs24lf002-tan_2,808
textured-polo-ysgmwt0001-black_1,809
contrast-leather-boat-shoes-mfs24bs006-navy-tan_2,810
tencil-blend-polo-mas24tp005-white_2,811
leather-joggers-shfmws0030-black_1,812
high-neck-sweater-hslmst0001-black_2,813
classic-leather-moccasins-shfmws0023-honey_1,814
soft-leather-slides-mfs24sl006-navy_1,815
relaxed-polo-sweater-sncmwt0001-cream_2,816
contrast-leather-boat-shoes-mfs24bs004-tan-blue_1,817
overshirt-with-pockets-hsamwt0010-black_1,818
high-top-leather-loafers-shfmws0031-navy_2,819
band-collar-shirt-mas24tp022-navy_1,820
basic-tapered-pants-bslmsb0001-beige_1,821
textured-crochet-shirt-mas24tp002-brown_2,822
textured-polo-ysgmwt0001-light-grey_2,823
casual-safari-shirt-mas24tp025-italian-clay_2,824
everyday-raglan-sweatshirt-sapmwt0007-brown_1,825
everyday-slides-mfs24sl009-foreset-green_1,826
slip-on-leather-sneakers-shfmws0036-black_1,827
basic-tapered-pants-bslmsb0001-black_1,828
classic-leather-boat-shoes-mfs24bs003-black_2,829
bow-leather-loafers-shfmws0033-chocolate_2,830
casual-summer-loafers-shfmss0011-burgundy_1,831
premium-linen-classic-pants-udcmwb0009-royal-blue_1,832
knit-polo-shirt-mas24tp009-navy_2,833
leather-slippers-shfmws0024-dark-brown_2,834
linen-tapered-pants-mas24bt038-off-white_1,835
knitted-polo-mas24tp015-black_2,836
basic-tee-mas24tp013-light-blue_2,837
poplin-pocket-shirt-hummst0017-white_2,838
round-neck-t-shirt-mas24tp001-black_2,839
tailored-fit-blazer-ltnmwt0001-grey_2,840
band-collar-shirt-mas24tp022-white_2,841
round-neck-t-shirt-mas24tp001-navy_1,842
leather-slippers-shfmws0024-black_2,843
tumbled-leather-boat-shoes-mfs24bs005-navy_1,844
classic-suit-trouser-ltnmwb0001-gray_1,845
interlock-tee-mas24tp054-olive_1,846
basic-tapered-pants-bslmsb0001-khaki_2,847
adam-ankle-boot-shfmbt0003-tan_1,848
adjustable-pants-udcmwb0019-brown_2,849
slip-on-leather-sneakers-shfmws0036-black_2,850
everyday-raglan-sweatshirt-sapmwt0007-brown_2,851
casual-safari-shirt-mas24tp025-italian-clay_1,852
textured-polo-ysgmwt0001-light-grey_1,853
classic-leather-boat-shoes-mfs24bs003-black_1,854
basic-tapered-pants-bslmsb0001-black_2,855
adam-ankle-boot-shfmbt0003-tan_2,856
basic-tapered-pants-bslmsb0001-khaki_1,857
everyday-slides-mfs24sl009-foreset-green_2,858
interlock-tee-mas24tp054-olive_2,859
basic-tee-mas24tp013-white_2,860
slim-fit-jeans-stymwb0001-black_2,861
lightweight-suede-loafers-mfs24lf001-navy_1,862
premium-linen-blazer-udcmwt0008-navy_2,863
chunky-platform-sandals-mfs24sd002-coffee_2,864
linen-tapered-pants-mas24bt038-off-white_2,865
tassel-loafers-shfmws0029-navy_2,866
safari-shirt-mas24tp026-matcha-green_1,867
bow-leather-loafers-shfmws0033-chocolate_1,868
round-neck-t-shirt-mas24tp001-ivory_2,869
pique-polo-mas24tp010-black_1,870
everyday-waffle-sweatshirt-sapmwt0009-midnight-blue_1,871
soft-leather-slides-mfs24sl006-brown_2,872
knit-polo-shirt-mas24tp009-navy_1,873
premium-linen-classic-pants-udcmwb0009-royal-blue_2,874
premium-linen-blazer-udcmwt0008-chocolate_2,875
knitted-polo-mas24tp015-black_1,876
casual-summer-loafers-shfmss0011-burgundy_2,877
v-neck-tee-mas24tp068-white_1,878
jacquard-tee-mas24tp011-dark-brown_2,879
v-neck-tee-mas24tp068-white_2,880
pique-polo-mas24tp010-black_2,881
slim-fit-jeans-stymwb0001-black_1,882
everyday-waffle-sweatshirt-sapmwt0009-midnight-blue_2,883
basic-tee-mas24tp013-white_1,884
chunky-platform-sandals-mfs24sd002-coffee_1,885
premium-linen-blazer-udcmwt0008-chocolate_1,886
soft-leather-slides-mfs24sl006-brown_1,887
premium-linen-blazer-udcmwt0008-navy_1,888
safari-shirt-mas24tp026-matcha-green_2,889
textured-crochet-shirt-mas24tp002-brown_1,890
lightweight-suede-loafers-mfs24lf001-navy_2,891
basic-tapered-pants-bslmsb0001-beige_2,892
tassel-loafers-shfmws0029-navy_1,893
jacquard-tee-mas24tp011-dark-brown_1,894
round-neck-t-shirt-mas24tp001-ivory_1,895
jacquard-tee-mas24tp011-olive_2,896
jacquard-tee-mas24tp011-olive_1,897
v-neck-tee-mas24tp068-olive_1,898
v-neck-tee-mas24tp068-olive_2,899
v-neck-tee-mas24tp068-black_2,900
v-neck-tee-mas24tp068-black_1,901
loose-fit-t-shirt-mas24tp014-all-black_1,902
heavy-weight-tee-mas24tp053-black_1,903
knit-t-shirt-mas24tp004-black_2,904
loose-fit-t-shirt-mas24tp014-all-black_2,905
heavy-weight-tee-mas24tp053-black_2,906
loose-fit-t-shirt-mas24tp014-ivory_1,907
knit-t-shirt-mas24tp004-beige_2,908
loose-fit-t-shirt-mas24tp014-ivory_2,909
basic-tee-mas24tp013-black_1,910
washed-loose-fit-t-shirt-mas24tp012-charcoal_1,911
washed-loose-fit-t-shirt-mas24tp012-navy_1,912
washed-loose-fit-t-shirt-mas24tp012-navy_2,913
jacquard-tee-mas24tp011-black_2,914
jacquard-tee-mas24tp011-black_1,915
basic-slim-fit-tee-mas24tp001-white_2,916
round-neck-t-shirt-mas24tp001-dark-olive_1,917
round-neck-t-shirt-mas24tp001-dark-red_2,918
round-neck-t-shirt-mas24tp001-dark-olive_2,919
round-neck-t-shirt-mas24tp001-light-blue_2,920
round-neck-t-shirt-mas24tp001-dark-red_1,921
basic-crew-with-pocket-sapmwt0005-white_1,922
basic-crew-with-pocket-sapmwt0005-white_2,923
printed-tee-maw24tp133-white_1,924
printed-tee-maw24tp133-white_2,925
relaxed-polo-sweater-sncmwt0001-melange-grey_2,926
high-neck-sweater-hslmst0001-grey_1,927
man-sweater-sncmwt0004-black_1,928
man-sweater-sncmwt0004-black_2,929
leather-snekaers-shfmws0041-tan_1,930
leather-snekaers-shfmws0041-tan_2,931
classic-leather-slip-ons-mfs24lf006-dark-navy_1,932
everyday-slides-mfs24sl010-black_1,933
classic-leather-slip-ons-mfs24lf006-dark-navy_2,934
everyday-slides-mfs24sl010-black_2,935
slip-on-leather-sneakers-shfmws0036-white_2,936
classic-leather-loafers_2,937
classic-leather-loafers_1,938
double-monk-leather-shoes-shfmws0016-black_1,939
double-monk-leather-shoes-shfmws0016-black_2,940
everyday-sneakers-shfmss0003-all-black_2,941
platform-sneakers-shfmws0019-tan_1,942
platform-sneakers-shfmws0019-tan_2,943
everyday-sneakers-shfmss0003-all-black_1,944
high-top-leather-loafers-shfmws0044-brown_2,945
high-top-leather-loafers-shfmws0044-brown_1,946
high-top-leather-loafers-shfmws0031-brown_2,947
high-top-leather-loafers-shfmws0031-brown_1,948
high-top-leather-loafers-shfmws0031-rust_2,949
high-top-leather-loafers-shfmws0031-rust_1,950
classic-chelsea-boots-shfmws0037-olive_1,951
classic-chelsea-boots-shfmws0037-navy_2,952
classic-chelsea-boots-shfmws0037-navy_1,953
penny-loafers-shfmws0017-taupe_2,954
men-sneakers-shfmss0012-dark-brown_2,955
men-sneakers-shfmss0012-dark-brown_1,956
penny-loafers-shfmws0017-taupe_1,957
wide-vamp-slides-mfs24sl011-black_2,958
colorblock-jogger-shfmss0013-khaki_1,959
colorblock-jogger-shfmss0013-khaki_2,960
wide-vamp-slides-mfs24sl011-black_1,961
wide-vamp-slides-mfs24sl011-tan_1,962
wide-vamp-slides-mfs24sl011-tan_2,963
leather-sandals-shfmws0028-dark-brown_1,964
leather-sandals-shfmws0028-black_1,965
low-top-leather-brogues-shfmws0012-brown_2,966
low-top-leather-brogues-shfmws0012-brown_1,967
leather-sandals-shfmws0028-black_2,968
contrast-leather-sneakers-shfmws0035-black_2,969
leather-sandals-shfmws0028-dark-brown_2,970
classic-leather-boat-shoes-mfs24bs003-tan_1,971
crossover-leather-slippers-shfmws0027-cognac_1,972
tumbled-leather-boat-shoes-mfs24bs005-dark-brown_2,973
tumbled-leather-boat-shoes-mfs24bs005-dark-brown_1,974
classic-leather-boat-shoes-mfs24bs003-tan_2,975
classic-leather-boat-shoes-mfs24bs003-navy_2,976
classic-leather-boat-shoes-mfs24bs003-dark-brown_1,977
classic-leather-boat-shoes-mfs24bs003-dark-brown_2,978
classic-leather-boat-shoes-mfs24bs003-navy_1,979
crossover-leather-slippers-shfmws0027-cognac_2,980
chunky-platform-sandals-mfs24sd002-black_1,981
leather-slippers-shfmws0026-light-grey_1,982
penny-loafers-shfmws0017-burgundy_2,983
leather-slippers-shfmws0025-dark-navy_1,984
leather-slippers-shfmws0026-light-grey_2,985
crossover-leather-slippers-shfmws0027-coffee_2,986
contrast-leather-boat-shoes-mfs24bs006-dark-brown-tan_1,987
leather-slippers-shfmws0025-dark-navy_2,988
contrast-leather-boat-shoes-mfs24bs006-dark-brown-tan_2,989
platform-leather-sneakers-shfmws0042-grey_2,990
low-top-sneakers-mfw24sk008-white_2,991
low-top-sneakers-mfw24sk008-white_1,992
brouge-leather-loafers-shfmws0034-navy_1,993
brouge-leather-loafers-shfmws0034-navy_2,994
ribbed-knit-trouser-lekmwb0003-navy_1,995
adjustable-pants-udcmwb0019-black_1,996
adjustable-pants-udcmwb0019-black_2,997
ribbed-knit-trouser-lekmwb0003-navy_2,998
basic-linen-pants-mas24bt029-navy_1,999
basic-linen-pants-mas24bt029-navy_2,1000
straight-cotton-pant-mas24bt036-navy_1,1001
linen-tapered-pants-mas24bt038-black_2,1002
linen-tapered-pants-mas24bt038-black_1,1003
straight-cotton-pant-mas24bt036-navy_2,1004
cargo-pants-hsamwb0002-navy_2,1005
cargo-pants-hsamwb0002-navy_1,1006
cargo-pants-hsamwb0002-khaki_1,1007
cargo-pants-hsamwb0002-khaki_2,1008
premium-linen-classic-pants-udcmwb0009-maroon_1,1009
premium-linen-classic-pants-udcmwb0009-maroon_2,1010
premium-linen-turn-up-pants-udcmwb0008-navy_1,1011
premium-linen-turn-up-pants-udcmwb0008-black_1,1012
cord-pants-udcmwb0002-dark-brown_2,1013
classic-suit-trouser-ltnmwb0001-black_1,1014
cargo-trouser-sapmwb0009-brown_2,1015
cargo-trouser-sapmwb0009-brown_1,1016
pleated-jogger-pants-sapmwb0003-heather-grey_1,1017
cargo-pants-hsamwb0002-black_1,1018
cargo-pants-hsamwb0002-black_2,1019
pleated-jogger-pants-sapmwb0003-heather-grey_2,1020
trouser-with-side-panel-sapmwb0001-charcoal-black_2,1021
trouser-with-side-panel-sapmwb0001-navy_2,1022
trouser-with-side-panel-sapmwb0001-charcoal-black_1,1023
linen-turn-up-pants-bslmsb0002-white_1,1024
linen-turn-up-pants-bslmsb0002-white_2,1025
pleated-jogger-pant-sapmwb0003-grey_2,1026
pleated-jogger-pant-sapmwb0003-grey_1,1027
basic-tapered-pants-bslmsb0001-white_2,1028
premium-linen-blazer-udcmwt0009-royal-blue_1,1029
premium-linen-blazer-udcmwt0009-royal-blue_2,1030
neoprene-polo-mas24tp055-maroon_2,1031
neoprene-polo-mas24tp055-maroon_1,1032
jacquard-polo-mas24tp064-charcoal_1,1033
jacquard-polo-mas24tp064-charcoal_2,1034
jacquard-polo-mas24tp064-off-white_2,1035
basic-polo-mas24tp016-sky-blue_2,1036
jacquard-polo-mas24tp064-off-white_1,1037
knitted-polo-mas24tp015-white_1,1038
knit-polo-shirt-mas24tp009-grey_2,1039
knit-polo-shirt-mas24tp009-grey_1,1040
pique-polo-mas24tp010-white_2,1041
pique-polo-mas24tp010-sky-blue_1,1042
pique-polo-mas24tp010-white_1,1043
textured-polo-ysgmwt0002-navy_2,1044
textured-polo-ysgmwt0002-navy_1,1045
pique-polo-mas24tp010-sky-blue_2,1046
ribbed-henley-udcmwt0003-white_2,1047
ribbed-henley-udcmwt0003-white_1,1048
striped-polo-shirt-mas24tp008-white_2,1049
striped-polo-shirt-mas24tp008-white_1,1050
classic-oxford-shirt-maw24tp082-sky-blue_2,1051
classic-oxford-shirt-maw24tp082-sky-blue_1,1052
band-collar-shirt-maw24tp083-black_2,1053
band-collar-shirt-maw24tp083-black_1,1054
classic-oxford-shirt-maw24tp082-white_2,1055
classic-oxford-shirt-maw24tp082-white_1,1056
classic-oxford-shirt-maw24tp082-navy_2,1057
graphite-printed-safari-shirt-mas24tp050-light-grey_1,1058
graphite-printed-safari-shirt-mas24tp050-light-grey_2,1059
classic-oxford-shirt-maw24tp082-navy_1,1060
classic-oxford-shirt-maw24tp082-maroon_1,1061
classic-oxford-shirt-maw24tp082-brown_2,1062
safari-shirt-mas24tp026-black_2,1063
safari-shirt-mas24tp026-black_1,1064
safari-shirt-mas24tp026-navy_1,1065
safari-shirt-mas24tp026-navy_2,1066
textured-crochet-shirt-mas24tp002-black_2,1067
casual-safari-shirt-mas24tp025-ice-blue_1,1068
casual-safari-shirt-mas24tp025-navy_1,1069
casual-safari-shirt-mas24tp025-navy_2,1070
textured-crochet-shirt-mas24tp002-black_1,1071
band-collar-shirt-mas24tp020-melange-navy_2,1072
casual-safari-shirt-mas24tp025-ice-blue_2,1073
button-down-shirt-mas24tp018-mustard_1,1074
band-collar-shirt-mas24tp020-melange-navy_1,1075
oversized-button-down-shirt-mas24tp023-navy_1,1076
button-down-shirt-mas24tp018-beige_2,1077
button-down-shirt-mas24tp018-beige_1,1078
button-down-shirt-mas24tp018-mustard_2,1079
embroidered-safari-shirt-mas24tp038-off-white_1,1080
cotton-striped-shirt-mas24tp003-blue_1,1081
cotton-striped-shirt-mas24tp003-blue_2,1082
casual-safari-shirt-mas24tp025-camel_2,1083
oversized-button-down-shirt-mas24tp023-beige_2,1084
casual-safari-shirt-mas24tp025-camel_1,1085
oversized-button-down-shirt-mas24tp023-beige_1,1086
basic-shirt-udcmwt0005-black_1,1087
linen-button-down-shirt-udcmwt0006-camel_1,1088
basic-shirt-udcmwt0005-black_2,1089
basic-shirt-udcmwt0005-beige_1,1090
basic-shirt-udcmwt0005-beige_2,1091
ribbed-shaceket-cswmwt0001-white_2,1092
ribbed-shaceket-cswmwt0001-white_1,1093
band-collar-shirt-mas24tp022-cobalt-blue_1,1094
band-collar-shirt-mas24tp022-cobalt-blue_2,1095
basic-button-down-bslmst0009-white_2,1096
basic-button-down-bslmst0009-white_1,1097
safari-shirt-hummst0012-white_1,1098
everyday-waffle-sweatshirt-sapmwt0009-olive_1,1099
everyday-waffle-sweatshirt-sapmwt0009-olive_2,1100
soft-casual-hoodie-sapmwt0008-olive_2,1101
high-crew-sweatshirt-sapmwt0003-midnight-blue_2,1102
soft-casual-hoodie-sapmwt0008-beige_1,1103
soft-casual-hoodie-sapmwt0008-beige_2,1104
high-crew-sweatshirt-sapmwt0003-midnight-blue_1,1105
high-crew-sweatshirt-sapmwt0003-grey_2,1106
high-crew-sweatshirt-sapmwt0003-grey_1,1107
